,Old Structure,New Option
Insertion Time,251.90109777450562,100.05192565917969
