,Complex Query 1 ,Complex Query 2 
Before Index,0.4274933338165283,16389.2875289917
After Index,0.3872711658477783,12370.849691390991
