,Original Version,Optimized Version
Query 2 Time,12370.849691390991,233.66758346557617
