,1st Option,2nd Option,1st Option second attempt,1st Option New Struct
2nd Complex Query,1110.1775498390198,28255.59238433838,13824.80,11725.978121995926
