,1st Option,2nd Option
2nd Complex Query,1110.1775498390198,28255.59238433838
